<?xml version="1.0"?>
<!DOCTYPE hibernate-configuration PUBLIC
	"-//Hibernate/Hibernate Configuration DTD 3.0//EN"
	"http://www.hibernate.org/dtd/hibernate-configuration-3.0.dtd">

<hibernate-configuration>

	<session-factory>
		
		<!-- 1.数据库连接配置 -->
		<property name="hibernate.connection.driver_class">com.mysql.jdbc.Driver</property>
		<property name="hibernate.connection.url">jdbc:mysql:///ecshop</property>
		<property name="hibernate.connection.username">root</property>
		<property name="hibernate.connection.password">root</property>
		<property name="hibernate.dialect">org.hibernate.dialect.MySQLDialect</property>
		
		<!-- 2.扩展参数 -->
		<property name="hibernate.show_sql">true</property>	
		<property name="hibernate.format_sql">true</property>	
		
		<!-- 3.映射资源 -->
		<mapping class="cn.sm1234.ecshop.domain.Product"/>
		
	</session-factory>

</hibernate-configuration>